Domain,Status,Attractiveness,Demand,Length,Sectors,Created,Expires,Registrar
one.gallery,resell,132,43%,3,"Business,General,Media,Technology",16/07/2025 15:15,16/07/2026 15:15,"Sav.com, LLC - 23"
brief.gallery,available,124,19%,5,"Business,Education,General,Law",,,
second.gallery,available,120,23%,6,"General,Mathematics",,,
complete.gallery,available,120,21%,8,"Manufacturing,Retail,Technology",,,
tenth.gallery,available,116,7%,5,Mathematics,,,
equal.gallery,available,116,19%,5,"Education,General,Law",,,
flat.gallery,available,116,23%,4,"Construction,Real Estate",,,
tonic.gallery,available,114,22%,5,"Health and Fitness,Medicine,Science",,,
hotshot.gallery,available,112,14%,7,"Business,Entertainment,Sports",,,
above.gallery,available,112,22%,5,Business,,,
acute.gallery,available,112,9%,5,"Mathematics,Medicine,Science",,,
abiding.gallery,available,106,5%,7,"General,Religion",,,
active.gallery,available,104,27%,6,"Health and Fitness,Sports,Travel",,,
expert.gallery,available,104,26%,6,"Business,Education,Technology",,,
eight.gallery,expiring,102,23%,5,"General,Mathematics",01/09/2021 13:01,01/09/2025 13:01,"GoDaddy.com, LLC"
absent.gallery,available,102,8%,6,"Business,Education,Technology",,,
captive.gallery,available,102,14%,7,"Entertainment,Hospitality,Technology",,,
ninth.gallery,available,100,9%,5,Mathematics,,,
adjunct.gallery,available,100,5%,7,Education,,,
eighth.gallery,available,100,6%,6,Mathematics,,,
abrupt.gallery,available,100,3%,6,"Medicine,Science",,,
crack.gallery,available,100,20%,5,Sports,,,
sixth.gallery,available,100,8%,5,Mathematics,,,
whiz.gallery,available,100,12%,4,"Business,Education,Technology",,,
remove.gallery,available,100,13%,6,"Construction,Manufacturing,Technology",,,
third.gallery,available,100,15%,5,Mathematics,,,
whizz.gallery,available,98,11%,5,"Business,Education,Technology",,,
forgiving.gallery,available,96,3%,9,"Healthcare,Religion",,,
alamode.gallery,available,96,12%,9,Fashion,,,
doable.gallery,available,96,9%,6,"Business,Education,Technology",,,
adequate.gallery,available,94,9%,8,"Education,Healthcare,Technology",,,
virtuoso.gallery,available,94,16%,8,"Arts,Entertainment",,,
next.gallery,available,92,43%,4,"Retail,Technology,Transportation",,,
neutral.gallery,available,92,20%,7,"Business,Media,Politics",,,
exemplary.gallery,available,92,5%,9,"Business,Education,Healthcare",,,
nought.gallery,available,92,4%,6,Mathematics,,,
adjective.gallery,available,92,5%,9,Education,,,
abroad.gallery,available,92,12%,6,"Hospitality,Travel",,,
derelict.gallery,available,92,7%,8,"Construction,Real Estate",,,
leash.gallery,available,90,7%,5,"General,Health and Fitness,Retail",,,
additional.gallery,available,90,8%,10,"Fashion,Retail,Technology",,,
abortive.gallery,available,90,1%,8,"Medicine,Science",,,
adoring.gallery,available,90,2%,7,"Entertainment,Fashion,Retail",,,
addictive.gallery,available,90,9%,9,Healthcare,,,
gripping.gallery,available,90,3%,8,"Entertainment,Media,Technology",,,
endearing.gallery,available,90,1%,9,"Entertainment,Fashion,Retail",,,
riveting.gallery,available,90,6%,8,"Entertainment,Media,Technology",,,
wide.gallery,available,88,18%,4,"Business,Media,Technology",,,
ten.gallery,available,88,27%,3,"General,Mathematics",,,
hundred.gallery,available,88,13%,7,Mathematics,,,
eleven.gallery,available,88,32%,6,Mathematics,,,
three.gallery,available,88,23%,5,Mathematics,,,
actionable.gallery,available,88,13%,10,"Business,Law",,,
sixteen.gallery,available,88,10%,7,Mathematics,,,
adlib.gallery,available,88,7%,6,Entertainment,,,
twelve.gallery,available,88,18%,6,"General,Mathematics",,,
proficient.gallery,available,88,8%,10,"Education,Health and Fitness,Sports",,,
activist.gallery,available,88,12%,8,"Humanities,Politics",,,
fifteen.gallery,available,88,13%,7,Mathematics,,,
attendant.gallery,available,86,5%,9,"Healthcare,Hospitality,Transportation",,,
cipher.gallery,available,86,29%,6,Mathematics,,,
engrossing.gallery,available,86,0%,10,"Entertainment,Media,Technology",,,
intent.gallery,available,86,25%,6,"Business,Education,Technology",,,
extempore.gallery,available,86,3%,9,Entertainment,,,
recondite.gallery,available,86,4%,9,"Arts,Humanities,Science",,,
xix.gallery,available,86,10%,3,Mathematics,,,
adolescent.gallery,available,86,3%,10,"Education,Entertainment,Healthcare",,,
accessory.gallery,available,84,8%,9,"Fashion,Retail,Technology",,,
adjustable.gallery,available,84,3%,10,"Manufacturing,Retail,Technology",,,
nineteen.gallery,available,84,8%,8,Mathematics,,,
thousand.gallery,available,84,8%,8,Mathematics,,,
thirteen.gallery,available,84,10%,8,Mathematics,,,
acting.gallery,available,84,12%,6,Entertainment,,,
twentytwo.gallery,available,84,10%,10,Mathematics,,,
deviate.gallery,available,84,12%,7,"Medicine,Science",,,
seventeen.gallery,available,84,7%,9,Mathematics,,,
abroach.gallery,available,82,1%,7,Food and Beverage,,,
impromptu.gallery,available,82,16%,9,Entertainment,,,
decade.gallery,available,82,10%,6,Mathematics,,,
absorbent.gallery,available,82,3%,9,"Healthcare,Manufacturing,Retail",,,
fivesome.gallery,available,82,1%,8,Sports,,,
abkhaz.gallery,available,82,1%,6,Geography,,,
altered.gallery,available,82,9%,7,"Medicine,Science",,,
dozen.gallery,available,82,10%,5,Mathematics,,,
abenaki.gallery,available,82,2%,7,Geography,,,
enduring.gallery,available,82,9%,8,"Health and Fitness,Religion",,,
cleansing.gallery,available,82,3%,9,Health and Fitness,,,
abdominal.gallery,available,82,1%,9,"Health and Fitness,Medicine",,,
absurd.gallery,available,80,16%,6,"Arts,Entertainment,Media",,,
adoptable.gallery,available,80,3%,9,"Education,Healthcare",,,
wiz.gallery,available,80,30%,3,"Business,Education,Technology",,,
first.gallery,expiring,80,34%,5,"General,Mathematics",11/09/2019 13:42,11/09/2025 13:42,"GoDaddy.com, LLC"
dorsal.gallery,available,80,6%,6,"Medicine,Science",,,
forty.gallery,available,80,9%,5,Mathematics,,,
abundant.gallery,available,80,19%,8,"Agriculture,Manufacturing,Retail",,,
some.gallery,available,80,32%,4,"Business,Media,Retail",,,
trio.gallery,available,80,21%,4,Entertainment,,,
twenty.gallery,available,80,12%,6,Mathematics,,,
absorbable.gallery,available,80,0%,10,"Healthcare,Pharmaceuticals,Science",,,
seventh.gallery,available,80,10%,7,Mathematics,,,
capable.gallery,available,80,12%,7,"Business,Education,Technology",,,
worshipful.gallery,available,80,1%,10,"Education,Healthcare,Religion",,,
two.gallery,available,80,23%,3,Mathematics,,,
absolute.gallery,available,80,25%,8,"Engineering,Mathematics,Science",,,
sequent.gallery,available,80,7%,7,"Healthcare,Insurance,Transportation",,,
sixtynine.gallery,available,78,8%,10,Mathematics,,,
recognised.gallery,available,78,3%,10,"Business,Education,Technology",,,
abkhazian.gallery,available,78,1%,9,Geography,,,
abounding.gallery,available,78,2%,9,Agriculture,,,
adorable.gallery,available,78,8%,8,"Entertainment,Fashion,Retail",,,
acceptant.gallery,available,78,1%,9,"Education,Healthcare",,,
acceptable.gallery,available,78,5%,10,"Business,Hospitality,Retail",,,
adrenal.gallery,available,78,4%,7,"Education,Healthcare,Science",,,
abkhasian.gallery,available,78,1%,9,Geography,,,
recognized.gallery,available,78,3%,10,"Business,Education,Technology",,,
accurate.gallery,available,78,16%,8,"Engineering,Mathematics,Science",,,
absorptive.gallery,available,78,1%,10,"Healthcare,Manufacturing,Retail",,,
athletic.gallery,available,78,15%,8,"Health and Fitness,Sports",,,
twentysix.gallery,available,78,8%,10,Mathematics,,,
honestly.gallery,available,78,9%,8,"Business,Law",,,
accidental.gallery,available,78,11%,10,"Healthcare,Insurance,Transportation",,,
dormant.gallery,available,78,4%,7,"Medicine,Science",,,
accepted.gallery,available,78,6%,8,"Business,Education,Technology",,,
accessible.gallery,available,78,21%,10,"Healthcare,Retail,Technology",,,
adjacent.gallery,available,78,9%,8,"Construction,Real Estate,Retail",,,
fifteenth.gallery,available,76,2%,9,Mathematics,,,
adherent.gallery,available,76,4%,8,"Politics,Religion",,,
abrasive.gallery,available,76,6%,8,"Construction,Manufacturing",,,
energizing.gallery,available,76,3%,10,"Food and Beverage,Health and Fitness,Travel",,,
addable.gallery,available,76,2%,7,"Engineering,Mathematics,Science",,,
ventral.gallery,available,76,3%,7,Science,,,
incidental.gallery,available,76,4%,10,"Healthcare,Insurance,Transportation",,,
adipose.gallery,available,76,2%,7,"Healthcare,Science",,,
acoustic.gallery,available,76,14%,8,Science,,,
threed.gallery,available,76,7%,7,Technology,,,
fourteenth.gallery,available,76,2%,10,Mathematics,,,
adaptable.gallery,available,76,9%,9,"Business,Education,Technology",,,
thousandth.gallery,available,76,1%,10,Mathematics,,,
adaptive.gallery,available,76,28%,8,"Business,Education,Technology",,,
thirteenth.gallery,available,76,3%,10,Mathematics,,,
firstrate.gallery,available,76,6%,10,Business,,,
adhesive.gallery,available,76,7%,8,"Construction,Manufacturing,Technology",,,
auxiliary.gallery,available,76,7%,9,"Healthcare,Manufacturing,Technology",,,
obscene.gallery,available,76,5%,7,"Entertainment,Media",,,
ancillary.gallery,available,76,6%,9,"Healthcare,Manufacturing,Technology",,,
ague.gallery,available,76,2%,4,"Geography,Medicine,Science",,,
resultant.gallery,available,76,2%,9,"Healthcare,Insurance,Transportation",,,
improvise.gallery,available,76,4%,9,Entertainment,,,
nineteenth.gallery,available,76,3%,10,Mathematics,,,
hundredth.gallery,available,76,1%,9,Mathematics,,,
realizable.gallery,available,74,1%,10,"Business,Education,Technology",,,
accepting.gallery,available,74,3%,9,"Education,Healthcare",,,
sensation.gallery,available,74,7%,9,"Entertainment,Media,Sports",,,
aberrant.gallery,available,74,6%,8,"Medicine,Science",,,
achievable.gallery,available,74,4%,10,"Business,Education,Technology",,,
broad.gallery,available,74,13%,5,"Entertainment,General,Media",,,
adenoid.gallery,available,74,1%,7,"Health and Fitness,Medicine,Science",,,
manageable.gallery,available,74,4%,10,"Business,Education,Technology",,,
supra.gallery,available,74,25%,5,"Medicine,Science",,,
adapted.gallery,available,74,6%,7,"Healthcare,Manufacturing,Technology",,,
adamant.gallery,available,74,14%,7,Religion,,,
admirable.gallery,available,74,5%,9,"Business,Education,Healthcare",,,
abnormal.gallery,available,74,16%,8,"Medicine,Science",,,
activated.gallery,available,74,9%,9,"Healthcare,Manufacturing,Technology",,,
skilful.gallery,available,74,3%,7,"Education,Health and Fitness,Sports",,,
adrenergic.gallery,available,74,1%,10,"Education,Healthcare,Science",,,
playing.gallery,available,74,12%,7,Entertainment,,,
single.gallery,available,74,19%,6,Sports,,,
acuate.gallery,available,74,2%,6,"Engineering,Medicine,Science",,,
cleared.gallery,available,74,7%,7,"Healthcare,Law,Transportation",,,
seventieth.gallery,available,72,1%,10,Mathematics,,,
liv.gallery,available,72,28%,3,Mathematics,,,
abloom.gallery,available,72,5%,6,Agriculture,,,
accustomed.gallery,available,72,1%,10,"Business,Education,Humanities",,,
adonic.gallery,available,72,2%,6,"Arts,Education,Entertainment",,,
sixtieth.gallery,available,72,1%,8,Mathematics,,,
improvize.gallery,available,72,1%,9,Entertainment,,,
existent.gallery,available,72,3%,8,"Mathematics,Science",,,
champion.gallery,available,72,28%,8,"Entertainment,Health and Fitness,Sports",,,
abreast.gallery,available,72,2%,7,"Business,Technology",,,
ninetieth.gallery,available,72,1%,9,Mathematics,,,
accusative.gallery,available,72,0%,10,"Humanities,Law",,,
absolutist.gallery,available,72,1%,10,"Humanities,Law,Politics",,,
absorbed.gallery,available,72,2%,8,"Entertainment,Media,Technology",,,
adjunctive.gallery,available,72,1%,10,"Healthcare,Manufacturing,Technology",,,
engrossed.gallery,available,72,1%,9,"Entertainment,Media,Technology",,,
eightieth.gallery,available,72,1%,9,Mathematics,,,
adjectival.gallery,available,72,1%,10,Education,,,
ablaze.gallery,available,72,6%,6,Entertainment,,,
trinity.gallery,available,72,18%,7,Religion,,,
aching.gallery,available,72,4%,6,Healthcare,,,
adaptative.gallery,available,72,1%,10,"Business,Education,Technology",,,
addicted.gallery,available,72,9%,8,Healthcare,,,
adiabatic.gallery,available,72,3%,9,"Engineering,Science",,,
ternary.gallery,available,72,7%,7,Mathematics,,,
stillborn.gallery,available,70,2%,9,"Medicine,Science",,,
consequent.gallery,available,70,3%,10,"Business,Education,General,Technology",,,
practiced.gallery,available,70,3%,9,"Education,Health and Fitness,Sports",,,
absorbing.gallery,available,70,3%,9,"Entertainment,Media,Technology",,,
miserable.gallery,available,70,4%,9,Humanities,,,
adjusted.gallery,available,70,5%,8,"Manufacturing,Retail,Technology",,,
skillful.gallery,available,70,9%,8,"Education,Health and Fitness,Sports",,,
gymnastic.gallery,available,70,3%,9,"Entertainment,Sports",,,
offhand.gallery,available,70,2%,7,Entertainment,,,
abulic.gallery,available,70,1%,6,Medicine,,,
accumbent.gallery,available,70,1%,9,"Healthcare,Medicine,Science",,,
adored.gallery,available,70,6%,6,"Entertainment,Fashion,Retail",,,
lowdown.gallery,available,70,6%,8,"Entertainment,Media",,,
recumbent.gallery,available,70,2%,9,"Healthcare,Medicine,Science",,,
tiptop.gallery,available,70,24%,6,Fashion,,,
acuminate.gallery,available,70,1%,9,"Engineering,Medicine,Science",,,
admired.gallery,available,70,5%,7,"Business,Education,Healthcare",,,
abradant.gallery,available,70,1%,8,"Construction,Manufacturing",,,
adamantine.gallery,available,70,4%,10,Religion,,,
abducent.gallery,available,68,0%,8,Medicine,,,
acerate.gallery,available,68,1%,7,Science,,,
fiftieth.gallery,available,68,1%,8,Mathematics,,,
abkhas.gallery,available,68,0%,6,Geography,,,
foursome.gallery,available,68,4%,8,Sports,,,
licensed.gallery,available,68,5%,8,"Business,Healthcare,Insurance",,,
achaian.gallery,available,68,2%,7,Humanities,,,
stygian.gallery,available,68,5%,7,Humanities,,,
licenced.gallery,available,68,2%,8,"Business,Healthcare,Insurance",,,
threesome.gallery,available,68,5%,9,Entertainment,,,
sevener.gallery,available,68,1%,7,Mathematics,,,
abnaki.gallery,available,68,1%,6,Geography,,,
septenary.gallery,available,68,2%,9,Mathematics,,,
octonary.gallery,available,68,1%,8,Mathematics,,,
aroused.gallery,available,68,3%,7,"Entertainment,Health and Fitness",,,
aberdonian.gallery,available,68,1%,10,Geography,,,
achaean.gallery,available,68,2%,7,Humanities,,,
aculeate.gallery,available,68,1%,8,"Engineering,Medicine,Science",,,
accredited.gallery,available,68,9%,10,"Business,Education,Healthcare",,,
disciple.gallery,available,68,14%,8,"Education,Religion",,,
ennead.gallery,available,68,5%,6,Mathematics,,,
activating.gallery,available,68,3%,10,"Healthcare,Manufacturing,Technology",,,
ane.gallery,available,68,12%,3,Mathematics,,,
thirtieth.gallery,available,68,1%,9,Mathematics,,,
scurvy.gallery,available,68,3%,6,Humanities,,,
fortieth.gallery,available,68,1%,8,Mathematics,,,
vindicated.gallery,available,68,2%,10,"Humanities,Law,Politics",,,
ablative.gallery,available,68,3%,8,Science,,,
decorated.gallery,available,68,3%,9,"Entertainment,Fashion,Retail",,,
xvii.gallery,available,66,5%,4,Mathematics,,,
deuce.gallery,available,66,8%,5,Sports,,,
century.gallery,available,66,17%,7,Education,,,
xiii.gallery,available,66,9%,4,Mathematics,,,
acervate.gallery,available,66,1%,8,Science,,,
exonerated.gallery,available,66,2%,10,"Humanities,Law,Politics",,,
xii.gallery,available,66,10%,3,Mathematics,,,
teenager.gallery,available,66,4%,8,"Education,Entertainment,Healthcare",,,
ninety.gallery,available,66,11%,6,Mathematics,,,
abstinent.gallery,available,66,1%,9,"Health and Fitness,Religion",,,
xvi.gallery,available,66,4%,3,Mathematics,,,
accessary.gallery,available,66,1%,9,"Business,Law,Technology",,,
modish.gallery,available,66,5%,6,Fashion,,,
thirty.gallery,available,66,7%,6,Mathematics,,,
acappella.gallery,available,66,6%,10,Entertainment,,,
xviii.gallery,available,66,4%,5,Mathematics,,,
acrobatic.gallery,available,66,4%,9,"Entertainment,Sports",,,
xxii.gallery,available,66,6%,4,Mathematics,,,
xxvi.gallery,available,66,3%,4,Mathematics,,,
fifty.gallery,available,66,13%,5,Mathematics,,,
six.gallery,available,66,26%,3,Mathematics,,,
adopted.gallery,available,66,4%,7,"Education,Healthcare",,,
xxv.gallery,available,66,6%,3,Mathematics,,,
clv.gallery,available,66,10%,3,Mathematics,,,
buzzing.gallery,available,66,7%,7,"Entertainment,Media,Technology",,,
tenner.gallery,available,66,4%,6,Finance,,,
eighty.gallery,available,66,6%,6,Mathematics,,,
performing.gallery,available,66,6%,10,Entertainment,,,
according.gallery,available,66,3%,9,"Business,Education,Technology",,,
adorned.gallery,available,66,5%,7,"Entertainment,Fashion,Retail",,,
sextet.gallery,available,66,2%,6,Entertainment,,,
onec.gallery,available,66,6%,5,Mathematics,,,
accordant.gallery,available,64,3%,9,"Arts,Entertainment",,,
ccc.gallery,available,64,38%,3,Mathematics,,,
acentric.gallery,available,64,2%,8,Science,,,
absolved.gallery,available,64,1%,8,"Humanities,Law,Religion",,,
deviant.gallery,available,64,12%,7,"Medicine,Science",,,
aflame.gallery,available,64,3%,6,Entertainment,,,
rising.gallery,available,64,18%,6,"Construction,Manufacturing,Real Estate",,,
scatty.gallery,available,64,1%,6,"Arts,Entertainment,Media",,,
adagio.gallery,available,64,14%,6,Entertainment,,,
nondrinker.gallery,available,64,1%,10,"Health and Fitness,Religion",,,
astringent.gallery,available,64,1%,10,"Healthcare,Pharmaceuticals",,,
troika.gallery,available,62,8%,6,Politics,,,
exculpated.gallery,available,62,1%,10,"Humanities,Law,Politics",,,
longdozen.gallery,available,62,1%,10,Mathematics,,,
aufait.gallery,available,62,3%,7,"Fashion,Media",,,
adjuvant.gallery,available,62,5%,8,"Healthcare,Manufacturing,Technology",,,
aborigine.gallery,available,62,1%,9,Humanities,,,
sixteenth.gallery,available,62,1%,9,Mathematics,,,
acidic.gallery,available,62,5%,6,"Food and Beverage,Science",,,
admissible.gallery,available,62,1%,10,"Education,Healthcare,Law",,,
eleventh.gallery,available,62,5%,8,Mathematics,,,
cumulative.gallery,available,62,2%,10,"Banking,Finance,Insurance",,,
wrapped.gallery,available,62,13%,7,"Fashion,Hospitality,Retail",,,
adoptive.gallery,available,62,1%,8,"Education,Healthcare",,,
playacting.gallery,available,62,1%,10,Entertainment,,,
accusing.gallery,available,62,1%,8,Law,,,
eighteenth.gallery,available,62,1%,10,Mathematics,,,
roughly.gallery,available,62,3%,7,"Business,Media,Technology",,,
activation.gallery,available,62,16%,10,"Healthcare,Manufacturing,Technology",,,
abo.gallery,available,62,15%,3,Science,,,
accrued.gallery,available,62,2%,7,"Banking,Finance,Insurance",,,
pungent.gallery,available,62,1%,7,Food and Beverage,,,
orso.gallery,available,62,9%,5,"Business,Media,Technology",,,
activistic.gallery,available,62,1%,10,"Humanities,Politics",,,
ensuant.gallery,available,62,1%,7,"Healthcare,Insurance,Transportation",,,
twodozen.gallery,available,62,1%,9,Mathematics,,,
fortyfour.gallery,available,62,6%,10,Mathematics,,,
chiliad.gallery,available,62,2%,7,Mathematics,,,
sixty.gallery,available,60,13%,5,Mathematics,,,
cxl.gallery,available,60,7%,3,Mathematics,,,
aboveboard.gallery,available,60,5%,10,"Business,Law",,,
clxx.gallery,available,60,2%,4,Mathematics,,,
idolized.gallery,available,60,3%,8,"Entertainment,Fashion,Retail",,,
cxv.gallery,available,60,4%,3,Mathematics,,,
cxxx.gallery,available,60,3%,4,Mathematics,,,
paunchy.gallery,available,60,0%,7,"Health and Fitness,Medicine",,,
cxxxv.gallery,available,60,1%,5,Mathematics,,,
xcl.gallery,available,60,5%,3,Mathematics,,,
clx.gallery,available,60,8%,3,Mathematics,,,
annexal.gallery,available,60,1%,7,"Agriculture,Manufacturing,Retail",,,
cxlv.gallery,available,60,2%,4,Mathematics,,,
acceptive.gallery,available,60,1%,9,"Education,Healthcare",,,
cxx.gallery,available,60,9%,3,Mathematics,,,
clxxv.gallery,available,60,1%,5,Mathematics,,,
abstainer.gallery,available,60,0%,9,"Health and Fitness,Religion",,,
abstemious.gallery,available,60,0%,10,"Food and Beverage,Health and Fitness,Hospitality",,,
octet.gallery,available,60,12%,5,Arts,,,
adnexal.gallery,available,60,1%,7,"Agriculture,Manufacturing,Retail",,,
clxv.gallery,available,60,1%,4,Mathematics,,,
idolised.gallery,available,60,1%,8,"Entertainment,Fashion,Retail",,,
cxxv.gallery,available,60,1%,4,Mathematics,,,
thou.gallery,available,60,7%,4,Mathematics,,,
clxxx.gallery,available,60,1%,5,Mathematics,,,
tertiary.gallery,available,60,4%,8,Education,,,
abashed.gallery,available,60,1%,7,Humanities,,,
cautionary.gallery,available,60,1%,10,"Business,Education,Healthcare",,,
eightysix.gallery,available,60,7%,10,Mathematics,,,
adnate.gallery,available,60,1%,6,"Agriculture,Manufacturing,Retail",,,
tercet.gallery,available,59,2%,6,"Arts,Entertainment,Media",,,
actuarial.gallery,available,58,8%,9,"Finance,Insurance,Mathematics",,,
accoutred.gallery,available,58,1%,9,"Fashion,Manufacturing,Retail",,,
addible.gallery,available,58,2%,7,"Engineering,Mathematics,Science",,,
pentad.gallery,available,58,3%,6,Mathematics,,,
seventy.gallery,available,58,7%,7,Mathematics,,,
tetrad.gallery,available,58,5%,6,Mathematics,,,
fourscore.gallery,available,58,4%,9,Mathematics,,,
alacarte.gallery,available,58,11%,10,Food and Beverage,,,
sixer.gallery,available,58,5%,5,Sports,,,
heptad.gallery,available,58,2%,6,Mathematics,,,
accented.gallery,available,58,3%,8,"Arts,Entertainment",,,
seven.gallery,available,58,35%,5,Mathematics,,,
abused.gallery,available,58,5%,6,"Healthcare,Law",,,
quintet.gallery,available,58,8%,7,"Arts,Entertainment",,,
justabout.gallery,available,58,3%,10,"Business,Media,Technology",,,
lxxviii.gallery,available,58,1%,7,Mathematics,,,
enwrapped.gallery,available,58,0%,9,"Entertainment,Fashion,Media",,,
accretive.gallery,available,58,6%,9,"Banking,Finance,Insurance",,,
cypher.gallery,expired,58,28%,6,Mathematics,20/06/2024 19:33,20/06/2025 19:33,Squarespace Domains LLC
abandoned.gallery,available,58,10%,9,"Construction,Real Estate",,,
closeto.gallery,available,58,3%,8,"Business,Media,Technology",,,
octad.gallery,available,58,5%,5,Mathematics,,,
fourth.gallery,available,58,13%,6,Mathematics,,,
centesimal.gallery,available,58,1%,10,Mathematics,,,
linear.gallery,available,58,22%,6,"Engineering,Mathematics,Science",,,
acyclic.gallery,available,58,4%,7,"Engineering,Mathematics,Science",,,
sextuplet.gallery,available,58,1%,9,Healthcare,,,
aucourant.gallery,available,58,3%,10,"Fashion,Media",,,
lxxx.gallery,available,58,2%,4,Mathematics,,,
hexad.gallery,available,58,5%,5,Mathematics,,,
fifth.gallery,available,58,12%,5,Mathematics,,,
abuzz.gallery,available,58,5%,5,"Entertainment,Media,Technology",,,
adient.gallery,available,58,4%,6,"Medicine,Science",,,
adjustive.gallery,available,58,1%,9,"Manufacturing,Retail,Technology",,,
acetic.gallery,available,58,1%,6,"Food and Beverage,Science",,,
niner.gallery,available,58,5%,5,Mathematics,,,
eighter.gallery,available,58,2%,7,Mathematics,,,
twelfth.gallery,available,58,2%,7,Mathematics,,,
ache.gallery,available,58,7%,4,Healthcare,,,
super.gallery,available,58,47%,5,Business,,,
addressed.gallery,available,58,3%,9,"Business,Technology,Telecommunications",,,
sixtyone.gallery,available,58,5%,9,Mathematics,,,
offhanded.gallery,available,58,1%,9,Entertainment,,,
abridged.gallery,available,58,4%,8,Media,,,
admittable.gallery,available,56,1%,10,"Education,Healthcare,Hospitality",,,
xxxviii.gallery,available,56,1%,7,Mathematics,,,
admittible.gallery,available,56,1%,10,"Education,Healthcare,Hospitality",,,
abdominous.gallery,available,56,0%,10,"Health and Fitness,Medicine",,,
xxxvi.gallery,available,56,1%,5,Mathematics,,,
xlv.gallery,available,56,6%,3,Mathematics,,,
xlvi.gallery,available,56,3%,4,Mathematics,,,
xxiv.gallery,available,56,5%,4,Mathematics,,,
xlii.gallery,available,56,5%,4,Mathematics,,,
xxxii.gallery,available,56,1%,5,Mathematics,,,
aone.gallery,available,56,15%,5,Food and Beverage,,,
addled.gallery,available,56,2%,6,Entertainment,,,
xlvii.gallery,available,56,2%,5,Mathematics,,,
xxviii.gallery,available,56,1%,6,Mathematics,,,
lvii.gallery,available,56,2%,4,Mathematics,,,
fiftyfive.gallery,available,56,8%,10,Mathematics,,,
potbellied.gallery,available,56,0%,10,"Health and Fitness,Medicine",,,
xxvii.gallery,available,56,3%,5,Mathematics,,,
lii.gallery,available,56,7%,3,Mathematics,,,
halfdozen.gallery,available,56,1%,10,Mathematics,,,
thirtytwo.gallery,available,56,4%,10,Mathematics,,,
abeyant.gallery,available,56,1%,7,"Business,Law",,,
terzetto.gallery,available,56,3%,8,Arts,,,
xliv.gallery,available,56,3%,4,Mathematics,,,
liii.gallery,available,56,4%,4,Mathematics,,,
fiftynine.gallery,available,56,4%,10,Mathematics,,,
fortynine.gallery,available,56,3%,10,Mathematics,,,
xxxv.gallery,available,56,4%,4,Mathematics,,,
thirtysix.gallery,available,56,5%,10,Mathematics,,,
xxxi.gallery,available,56,8%,4,Mathematics,,,
fiftysix.gallery,available,56,4%,9,Mathematics,,,
xxxiii.gallery,available,56,2%,6,Mathematics,,,
thirtyone.gallery,available,56,4%,10,Mathematics,,,
fiftytwo.gallery,available,56,6%,9,Mathematics,,,
fortysix.gallery,available,56,4%,9,Mathematics,,,
xxiii.gallery,available,56,4%,5,Mathematics,,,
fiftyfour.gallery,available,56,4%,10,Mathematics,,,
fortytwo.gallery,available,56,17%,9,Mathematics,,,
appressed.gallery,available,56,0%,9,"Agriculture,Manufacturing,Retail",,,
maledict.gallery,available,56,1%,8,Religion,,,
xxxvii.gallery,available,56,2%,6,Mathematics,,,
lvi.gallery,available,56,8%,3,Mathematics,,,
triad.gallery,available,56,15%,5,Arts,,,
xxxiv.gallery,available,56,1%,5,Mathematics,,,
admissive.gallery,available,56,1%,9,"Education,Healthcare,Hospitality",,,
xxix.gallery,available,56,4%,4,Mathematics,,,
ilx.gallery,available,56,6%,3,Mathematics,,,
xli.gallery,available,56,5%,3,Mathematics,,,
fiftyone.gallery,available,56,8%,9,Mathematics,,,
xliii.gallery,available,56,1%,5,Mathematics,,,
accoutered.gallery,available,56,0%,10,"Fashion,Manufacturing,Retail",,,
xlviii.gallery,available,56,1%,6,Mathematics,,,
fortyone.gallery,available,56,5%,9,Mathematics,,,
lviii.gallery,available,56,1%,5,Mathematics,,,
quadruplet.gallery,available,54,1%,10,"Healthcare,Medicine,Science",,,
admonitory.gallery,available,54,0%,10,"Business,Education,Healthcare",,,
abient.gallery,available,54,1%,6,Science,,,
adaxial.gallery,available,54,2%,7,Science,,,
vii.gallery,available,54,13%,3,Mathematics,,,
quaternion.gallery,available,54,6%,10,Mathematics,,,
quintuplet.gallery,available,54,1%,10,"Healthcare,Medicine,Science",,,
twoscore.gallery,available,54,2%,8,Mathematics,,,
adpressed.gallery,available,54,0%,9,"Agriculture,Manufacturing,Retail",,,
abducens.gallery,available,54,1%,8,Medicine,,,
iii.gallery,available,54,24%,3,Mathematics,,,
aboral.gallery,available,54,2%,6,Science,,,
accentual.gallery,available,54,3%,9,"Arts,Entertainment",,,
quatern.gallery,available,54,2%,7,Mathematics,,,
abatable.gallery,available,54,1%,8,Law,,,
accursed.gallery,available,54,3%,8,"Entertainment,Media,Religion",,,
threescore.gallery,available,54,2%,10,Mathematics,,,
topnotch.gallery,available,54,18%,8,Business,,,
achromatic.gallery,available,54,4%,10,Science,,,
acoustical.gallery,available,54,4%,10,Science,,,
ternion.gallery,available,54,3%,7,Mathematics,,,
deuceace.gallery,available,54,1%,9,Sports,,,
abasic.gallery,available,54,1%,6,Science,,,
achy.gallery,available,54,3%,4,Healthcare,,,
adducting.gallery,available,54,1%,9,"Engineering,Mathematics,Science",,,
abaxial.gallery,available,54,1%,7,Science,,,
sise.gallery,available,54,5%,4,Mathematics,,,
unnatural.gallery,available,54,4%,9,"Medicine,Science",,,
fortyfive.gallery,available,54,5%,10,Mathematics,,,
scratchy.gallery,available,54,3%,8,Fashion,,,
adductive.gallery,available,54,0%,9,"Engineering,Mathematics,Science",,,
adjuratory.gallery,available,54,0%,10,"Law,Politics,Religion",,,
quaternity.gallery,available,54,4%,10,Mathematics,,,
monitory.gallery,available,54,3%,8,"Business,Education,Healthcare",,,
viii.gallery,available,54,6%,4,Mathematics,,,
abatic.gallery,available,54,1%,6,Science,,,
actuated.gallery,available,54,2%,8,"Automotive,Manufacturing,Technology",,,
deserted.gallery,available,54,3%,8,"Hospitality,Real Estate",,,
abhorrent.gallery,available,54,1%,9,Humanities,,,
xxx.gallery,expiring,53,30%,3,"Arts,Entertainment,Media",02/09/2020 10:52,02/09/2025 10:52,Dynadot Inc
sestet.gallery,available,53,1%,6,Arts,,,
septet.gallery,available,53,1%,6,General,,,
lxxv.gallery,available,52,2%,4,Mathematics,,,
xciii.gallery,available,52,1%,5,Mathematics,,,
odious.gallery,available,52,2%,6,"Entertainment,Humanities",,,
lxi.gallery,available,52,5%,3,Mathematics,,,
lxxiv.gallery,available,52,1%,5,Mathematics,,,
lxxii.gallery,available,52,1%,5,Mathematics,,,
lxxxvii.gallery,available,52,1%,7,Mathematics,,,
sixtyfour.gallery,available,52,4%,10,Mathematics,,,
uphill.gallery,available,52,7%,6,"Sports,Transportation,Travel",,,
lxxi.gallery,available,52,2%,4,Mathematics,,,
lxvii.gallery,available,52,1%,5,Mathematics,,,
sixtyfive.gallery,available,52,3%,10,Mathematics,,,
lxxxvi.gallery,available,52,1%,6,Mathematics,,,
lxxiii.gallery,available,52,2%,6,Mathematics,,,
xcviii.gallery,available,52,1%,6,Mathematics,,,
xcii.gallery,available,52,2%,4,Mathematics,,,
lxxxii.gallery,available,52,1%,6,Mathematics,,,
littlejoe.gallery,available,52,2%,10,"Entertainment,Media",,,
adenoidal.gallery,available,52,1%,9,"Health and Fitness,Medicine,Science",,,
lxxxiii.gallery,available,52,1%,7,Mathematics,,,
xcvii.gallery,available,52,1%,5,Mathematics,,,
ninetysix.gallery,available,52,4%,10,Mathematics,,,
decumbent.gallery,available,52,1%,9,"Healthcare,Medicine,Science",,,
lxxxv.gallery,available,52,1%,5,Mathematics,,,
repugnant.gallery,available,52,1%,9,Humanities,,,
sixtysix.gallery,available,52,5%,9,Mathematics,,,
ablated.gallery,available,52,1%,7,Science,,,
eightyone.gallery,available,52,3%,10,Mathematics,,,
repulsive.gallery,available,52,1%,9,Humanities,,,
chagrined.gallery,available,52,1%,9,Humanities,,,
ninetyone.gallery,available,52,5%,10,Mathematics,,,
abstruse.gallery,available,52,5%,8,"Humanities,Mathematics,Science",,,
detestable.gallery,available,52,1%,10,Humanities,,,
xciv.gallery,available,52,2%,4,Mathematics,,,
lxvi.gallery,available,52,3%,4,Mathematics,,,
xcv.gallery,available,52,7%,3,Mathematics,,,
xci.gallery,available,52,4%,3,Mathematics,,,
lxiii.gallery,available,52,2%,5,Mathematics,,,
aboulic.gallery,available,52,1%,7,Medicine,,,
abusive.gallery,available,52,3%,7,"Healthcare,Law",,,
lxiv.gallery,available,52,3%,4,Mathematics,,,
tierce.gallery,available,52,3%,6,General,,,
xcvi.gallery,available,52,2%,4,Mathematics,,,
abominable.gallery,available,52,2%,10,"Entertainment,Humanities",,,
abysmal.gallery,available,52,4%,7,"Arts,Entertainment,Media",,,
sixtytwo.gallery,available,52,3%,9,Mathematics,,,
eightytwo.gallery,available,52,4%,10,Mathematics,,,
lxii.gallery,available,52,2%,4,Mathematics,,,
lxxvii.gallery,available,52,2%,6,Mathematics,,,
ixc.gallery,available,52,5%,3,Mathematics,,,
ixl.gallery,available,52,9%,3,Mathematics,,,
lxxxiv.gallery,available,52,1%,6,Mathematics,,,
lxviii.gallery,available,52,2%,6,Mathematics,,,
lxxxi.gallery,available,52,1%,5,Mathematics,,,
lxxvi.gallery,available,52,1%,5,Mathematics,,,
ninetytwo.gallery,available,52,4%,10,Mathematics,,,
adactylous.gallery,available,50,0%,10,Science,,,
abactinal.gallery,available,50,0%,9,Science,,,
acerbic.gallery,available,50,2%,7,"Arts,Humanities,Media",,,
acquitted.gallery,available,50,1%,9,Law,,,
acerb.gallery,available,50,2%,5,Science,,,
abbatial.gallery,available,50,0%,8,Religion,,,
acapnic.gallery,available,50,0%,7,"Healthcare,Medicine,Science",,,
needlelike.gallery,available,50,0%,10,"Engineering,Medicine,Science",,,
acetous.gallery,available,50,1%,7,Science,,,
acellular.gallery,available,50,1%,9,Science,,,
adhominem.gallery,available,50,2%,10,"Humanities,Law,Politics",,,
scummy.gallery,available,50,1%,6,Humanities,,,
aculeated.gallery,available,50,0%,9,"Engineering,Medicine,Science",,,
acaudal.gallery,available,50,1%,7,"Agriculture,Science",,,
spinous.gallery,available,50,1%,7,"Agriculture,Science",,,
broached.gallery,available,50,0%,8,Food and Beverage,,,
abomasal.gallery,available,50,0%,8,Agriculture,,,
abdicable.gallery,available,50,0%,9,Law,,,
ogdoad.gallery,available,50,1%,6,Mathematics,,,
gillless.gallery,available,50,0%,9,Science,,,
vinegary.gallery,available,50,1%,8,Food and Beverage,,,
acerose.gallery,available,50,1%,7,Science,,,
abducting.gallery,available,50,0%,9,Medicine,,,
trine.gallery,available,50,11%,5,"General,Religion",,,
triplet.gallery,available,50,8%,7,Science,,,
abranchial.gallery,available,50,0%,10,Science,,,
aborticide.gallery,available,50,0%,10,Medicine,,,
acapnotic.gallery,available,50,0%,9,"Healthcare,Medicine,Science",,,
lxx.gallery,available,50,5%,3,Mathematics,,,
quint.gallery,available,50,13%,5,"Arts,Entertainment",,,
acetose.gallery,available,50,1%,7,Science,,,
ilxx.gallery,available,48,1%,4,Mathematics,,,
execrable.gallery,available,48,0%,9,"Entertainment,Humanities",,,
abstracted.gallery,available,48,5%,10,"Arts,Humanities,Science",,,
lxxxviii.gallery,available,48,1%,8,Mathematics,,,
abyssal.gallery,available,48,12%,7,"Arts,Entertainment,Media",,,
ilxxx.gallery,available,48,1%,5,Mathematics,,,
apriori.gallery,available,48,13%,8,Mathematics,,,
notguilty.gallery,available,48,5%,10,Law,,,
acetylenic.gallery,available,46,1%,10,Science,,,
achenial.gallery,available,46,1%,8,Science,,,
quaternary.gallery,available,46,3%,10,Mathematics,,,
acetonic.gallery,available,46,1%,8,Science,,,
acheronian.gallery,available,46,1%,10,Humanities,,,
acapnial.gallery,available,46,0%,8,"Healthcare,Medicine,Science",,,
cotyloid.gallery,available,46,1%,8,Science,,,
acanthous.gallery,available,46,0%,9,"Agriculture,Science",,,
acephalous.gallery,available,46,1%,10,Science,,,
acaudate.gallery,available,46,1%,8,"Agriculture,Science",,,
acarpelous.gallery,available,46,0%,10,"Agriculture,Science",,,
acarpous.gallery,available,46,0%,8,"Agriculture,Science",,,
acetylic.gallery,available,46,1%,8,Science,,,
stripling.gallery,available,46,2%,9,"Education,Entertainment,Healthcare",,,
achromic.gallery,available,46,2%,8,Science,,,
acanthotic.gallery,available,46,0%,10,"Agriculture,Science",,,
theabsurd.gallery,available,46,1%,10,"Arts,Entertainment,Media",,,
acicular.gallery,available,46,2%,8,Science,,,
achromous.gallery,available,46,1%,9,Science,,,
stemless.gallery,available,46,2%,8,"Agriculture,Science",,,
acanthoid.gallery,available,46,1%,9,"Agriculture,Science",,,
vinegarish.gallery,available,46,1%,10,Food and Beverage,,,
acetabular.gallery,available,46,1%,10,Science,,,
cotyloidal.gallery,available,44,1%,10,Science,,,
acherontic.gallery,available,44,1%,10,Humanities,,,
accusatory.gallery,available,44,1%,10,Law,,,
abscessed.gallery,available,41,0%,9,Healthcare,,,
phoebe.gallery,available,41,14%,6,Science,,,
scurrilous.gallery,available,40,1%,10,"Entertainment,Media,Politics",,,
accusive.gallery,available,40,1%,8,Law,,,
accurst.gallery,available,40,1%,7,Religion,,,